{
    "file": "wire\/modules\/Fieldtype\/FieldtypeFloat.module",
    "textdomain": "wire--modules--fieldtype--fieldtypefloat-module",
    "translations": {
        "211efcb1aa9b0567969d0ce5a18d850c": {
            "text": "Nombre de d\u00e9cimales auxquelles arrondir"
        },
        "22ae0e2b89e5e3d477f988cc36d3272b": {
            "text": "Float | Nb en virgule flottante"
        },
        "21ddca6ecb798f48a109c2289ff413ec": {
            "text": "Champ stockant un nombre avec d\u00e9cimales (avec un point \u00e0 l'anglaise)"
        },
        "bf8de207806af36f5a5834a4318f7818": {
            "text": "Ou utilisez un nombre n\u00e9gatif comme -1 pour d\u00e9sactiver l'arrondi"
        },
        "4fd285f4c0dd28b1380d1c8c00dd0c8f": {
            "text": "type de la colonne (du champ) dans la base"
        },
        "c97dfa29a441110b29e6f9454053896a": {
            "text": "="
        },
        "95fe32193e1075703452913edb854e9c": {
            "text": "="
        }
    }
}