{
    "file": "wire\/modules\/Process\/ProcessPageClone.module",
    "textdomain": "wire--modules--process--processpageclone-module",
    "translations": {
        "5fb63579fc981698f97d55bfecb213ea": {
            "text": "Copier"
        },
        "779e23d04b68b9515ffc345454994895": {
            "text": "Copier la page"
        },
        "0ac579c02e8d96b65a4bff917771b245": {
            "text": "Impossible de charger la page"
        },
        "3311bb66a5349309e01c99050e744f0b": {
            "text": "Ceci fera une copie de %s"
        },
        "59eeb47edc78526e0e13dc0dfa8f6b07": {
            "text": "Titre de la nouvelle page"
        },
        "415d40999f28fef452f65616dabfc7a0": {
            "text": "Marquer la nouvelle page comme non publi\u00e9e ?"
        },
        "2627956e008c08b8affd8608d7980ff4": {
            "text": "Si coch\u00e9, la page clon\u00e9e aura un status non publi\u00e9 pour qu'elle ne puisse pas \u00eatre affich\u00e9e sur l'interface publique de votre site."
        },
        "5061c76f17ce15eb2a6092a51cb22aa3": {
            "text": "Copier les enfants aussi ?"
        },
        "a6c4c88eb6c7d256bf2e4aa56df4430f": {
            "text": "Si coch\u00e9, tous les enfants, petits-enfants, etc. seront clon\u00e9s avec cette page."
        },
        "06170efdb0d3840cd32dea984d32067a": {
            "text": "Attention, si une structure tr\u00e8s large est pr\u00e9sente dans les page plus bas dans l'arborescence, ceci peut prendre longtemps \u00e0 effectuer ou le processus peut \u00e9chouer."
        },
        "6a26ee7a6d1234006bf3806ee697f7d0": {
            "text": "Incapable de cloner la page %s"
        },
        "7e263f9f6a65e1126c6a599ea015a27c": {
            "text": "Page clon\u00e9e de \u00ab %1$s \u00bb vers \u00ab %2$s \u00bb"
        },
        "366637b8eb1e99b85f6d6535e326a491": {
            "text": "Cloner la page"
        },
        "fae7550bf964aa09e51752b154a6cb23": {
            "text": "Permer des cloner\/copier\/dupliquer des pages dans l'interface d'administration. Ajoute une action \u00ab copie \u00bb \u00e0 toutes les pages applicables dans l'arborescence des pages."
        },
        "0a198ede7ab46185f2e9fb2a3628419b": {
            "text": "(copie)"
        },
        "884ba0e5457b084e152567fd52b66f6c": {
            "text": "(copie de %d)"
        },
        "04ded6e943c2cb8fab9a9b7075462f7c": {
            "text": "Clon\u00e9e vers : %s"
        },
        "d52cff2047c2d3bd15b08ec62c34eb7d": {
            "text": "Incapable de cloner la page"
        },
        "3d8becb7117d425cdbffe4e19bf68048": {
            "text": "Rendre les enfants clon\u00e9s comme non publi\u00e9s"
        },
        "5cdef78260394826a1705b7de6dbb26b": {
            "text": "Si coch\u00e9, tous les enfants, petits-enfants, etc seron aussi non plubli\u00e9s"
        },
        "a5583243979cb2245c72a9a66b462ad3": {
            "text": "%s + Lister"
        },
        "f9772f7f5e3cf401925824dfa930143d": {
            "text": "%s + Editer"
        },
        "ddc8d9e3b58dae52fa498a8923ce2542": {
            "text": "Toujours utiliser le formulaire de clonage"
        },
        "9660d6d75da8a44f742c813ff0050c48": {
            "text": "Si la page n'a pas d'enfant(s), le module utilisera un racourci pour cloner la page sans quitter l'arborescence"
        },
        "ce989da485d32ec720265e04064b3a0d": {
            "text": "Cocher cette cas si vous voulez toujours utiliser le formulaire complet de clonage avec toutes les options (permettant d'entrer nom(name) titre, etc avant de cloner)"
        },
        "54d8e0533da1fd4efb5e7628bf83de10": {
            "text": "="
        },
        "e80b151cbd7d1db53031e9e6a8214014": {
            "text": "="
        }
    }
}